{"add":{"path":"part-00001-3f604e26-5af1-44b9-bd62-dc03ed535318-c000.snappy.parquet","partitionValues":{},"size":25665003,"modificationTime":1739581972085,"dataChange":true,"stats":"{\"numRecords\":209716,\"minValues\":{\"x3\":0.000013060542187304236,\"x11\":4.531977538135834e-6,\"x12\":3.8159128052939195e-6,\"x5\":8.414536978307297e-7,\"x10\":2.8518652470665984e-6,\"x13\":7.016225481493166e-6,\"x0\":4.69373662781436e-6,\"x4\":5.369367045204854e-6,\"x2\":0.000013205025425122585,\"x1\":0.000015387366147479042,\"x8\":1.912908373924438e-6,\"x14\":4.144452759646811e-6,\"x7\":1.5072220094225486e-6,\"x15\":7.437314252456417e-6,\"x17\":3.699726903505507e-6,\"x19\":0.00001064293974195607,\"x18\":9.46546037994267e-7,\"x6\":9.010465873870999e-6,\"x9\":3.936870143661508e-6,\"x16\":8.419711775786709e-6},\"maxValues\":{\"x4\":0.9999997019767761,\"x13\":0.9999990463256836,\"x14\":0.9999994039535522,\"x6\":0.9999818801879883,\"x15\":0.9999998807907104,\"x7\":0.9999964237213135,\"x19\":0.9999809861183167,\"x2\":0.9999896883964539,\"x17\":0.9999980330467224,\"x9\":0.9999927282333374,\"x1\":0.9999995231628418,\"x8\":0.9999944567680359,\"x10\":0.9999929666519165,\"x12\":0.9999988675117493,\"x16\":0.9999997615814209,\"x5\":0.9999991059303284,\"x18\":0.9999985694885254,\"x3\":0.9999704957008362,\"x11\":0.9999961256980896,\"x0\":0.9999978542327881},\"nullCount\":{\"x6\":0,\"x4\":0,\"x0\":0,\"x5\":0,\"x14\":0,\"x12\":0,\"x1\":0,\"x7\":0,\"x8\":0,\"x15\":0,\"x13\":0,\"x18\":0,\"x11\":0,\"x9\":0,\"x3\":0,\"x16\":0,\"x2\":0,\"x17\":0,\"x10\":0,\"x19\":0}}","tags":null,"deletionVector":null,"baseRowId":null,"defaultRowCommitVersion":null,"clusteringProvider":null}}
{"commitInfo":{"timestamp":1739581972086,"operation":"WRITE","operationParameters":{"mode":"Append"},"operationMetrics":{"execution_time_ms":3269,"num_added_files":1,"num_added_rows":209716,"num_partitions":0,"num_removed_files":0},"clientVersion":"delta-rs.0.24.0"}}